unit_id,business_customer_id,service_node_id,baseline_customer_id,unit_type,visit_index,required_visit_count,weight_kg,volume_m3,tw_start_min,tw_start_hhmm,tw_end_min,tw_end_hhmm,eligible_vehicle_types,source_order_ids,in_green_zone,must_use_ev_under_policy,fuel_allowed_after_16,latest_event_id
0,2,2,2,normal,1,1,14.89,0.04317,593,17:53,649,18:49,"fuel_3000,fuel_1500,fuel_1250,ev_3000,ev_1250",189,1,0,1,
1,3,3,3,normal,1,1,235.0181,0.70348,393,14:33,441,15:21,"ev_3000,ev_1250","1,116,165,212,265",1,1,0,
2,4,4,4,normal,1,1,1443.5621,3.490997,689,19:29,757,20:37,"fuel_3000,fuel_1500,ev_3000","11,17,61,70,136,148,187,216,221,243,271,282",1,0,1,
3,5,5,5,normal,1,1,731.6005,2.31239,688,19:28,746,20:26,"fuel_3000,fuel_1500,fuel_1250,ev_3000,ev_1250","9,29,43,46,52,81,88,89,96,103,112,126,128,152,157,166,177,238,254,267,279,292,293",1,0,1,
4,9,9,9,normal,1,1,2577.339131,6.65072,126,10:06,212,11:32,ev_3000,"2,45,54,59,64,71,86,100,101,129,131,155,159,161,162,163,181,183,184,186,190,192,194,200,201,211,219,231,237,248,253,260,264,281,289,294,297",1,1,0,
5,11,11,11,normal,1,1,1325.5301,4.36316,209,11:29,290,12:50,ev_3000,"18,49,63,84,144,145,153,188,209,210,218,222,234,244,245,246,256,258,273,298",1,1,0,
6,12,12,12,normal,1,1,1726.8416,4.521751,415,14:55,470,15:50,ev_3000,"33,99,105,115,154,195,223,229,274,276,277,284,288,300",1,1,0,
7,13,13,13,normal,1,1,540.0868,1.27918,250,12:10,306,13:06,"ev_3000,ev_1250","28,36,72,92,180,270,278",1,1,0,
8,16,16,16,normal,1,1,85.2,0.1931,77,09:17,161,10:41,"fuel_3000,fuel_1500,fuel_1250,ev_3000,ev_1250","518,760,1401",0,0,0,
10,24,24,24,normal,1,1,1262.1673,2.95599,531,16:51,616,18:16,"fuel_3000,fuel_1500,ev_3000","385,617,1384,1509,2024",0,0,0,
11,25,25,25,normal,1,1,2528.1351,5.33839,499,16:19,569,17:29,"fuel_3000,ev_3000","1548,1778,2017,2074,2135",0,0,0,
12,26,26,26,normal,1,1,45.8132,0.1362,470,15:50,552,17:12,"fuel_3000,fuel_1500,fuel_1250,ev_3000,ev_1250","452,1453,1454",0,0,0,
13,29,29,29,normal,1,1,873.945,2.04764,578,17:38,663,19:03,"fuel_3000,fuel_1500,fuel_1250,ev_3000,ev_1250","334,1011,1139",0,0,0,
14,30,30,30,normal,1,1,334.852,0.73178,212,11:32,302,13:02,"fuel_3000,fuel_1500,fuel_1250,ev_3000,ev_1250","1382,1439,1850,1961",0,0,0,
15,32,32,32,normal,1,1,442.3342,1.12524,308,13:08,384,14:24,"fuel_3000,fuel_1500,fuel_1250,ev_3000,ev_1250","679,855,873,1189,1462,1517,1524,1966,2028,2046,2163",0,0,0,
16,33,33,33,normal,1,1,527.2666,1.37982,166,10:46,251,12:11,"fuel_3000,fuel_1500,fuel_1250,ev_3000,ev_1250","930,1311,1365,1669,1717,1774,1823,2055,2127",0,0,0,
17,34,34,34,normal,1,1,364.0498,1.5211,655,18:55,728,20:08,"fuel_3000,fuel_1500,fuel_1250,ev_3000,ev_1250","960,1229,1253,1363,1427,1443,1466,1614,1969,2080",0,0,0,
18,35,35,35,normal,1,1,1692.5786,3.88436,89,09:29,172,10:52,"fuel_3000,ev_3000","397,449,475,771,857,946,1195,1242,1264,1333,1633,1661,1687,1785",0,0,0,
19,37,37,37,normal,1,1,564.949,1.8194,85,09:25,163,10:43,"fuel_3000,fuel_1500,fuel_1250,ev_3000,ev_1250","443,582,923,1063,1254,1260,1292,1307,1357,1496,1531,1657,1871",0,0,0,
20,38,38,38,normal,1,1,1261.7326,4.06727,148,10:28,214,11:34,"fuel_3000,fuel_1500,ev_3000","398,427,506,530,925,949,1039,1143,1204,1232,1268,1293,1387,1497,1653,1697,1797,1876,1894,1962,2082",0,0,0,
21,40,40,40,normal,1,1,2691.1358,7.9507,592,17:52,664,19:04,"fuel_3000,ev_3000","314,663,763,906,997,1005,1140,1473,1537,1562,1637,1654,1685,1757,1836,1897,2006",0,0,0,
22,41,41,41,normal,1,1,2786.4185,7.943983,278,12:38,351,13:51,"fuel_3000,ev_3000","316,405,473,544,589,591,593,683,686,830,843,952,968,984,994,1008,1029,1233,1238,1286,1297,1346,1362,1656,1679,1715,1719,1730,1804,1805,1964,1984,2075,2138,2159",0,0,0,
23,47,47,47,normal,1,1,2803.414845,8.09606,655,18:55,715,19:55,"fuel_3000,ev_3000","339,363,393,445,453,492,501,503,567,574,638,736,775,879,881,907,953,967,1048,1081,1094,1301,1358,1400,1414,1542,1622,1625,1630,1635,1649,1652,1716,1752,1917,2023,2033,2126",0,0,0,
24,58,58,58,normal,1,1,2933.964,9.833463,378,14:18,443,15:23,"fuel_3000,ev_3000","382,407,436,441,495,499,514,549,620,672,780,812,849,872,896,905,983,991,1076,1089,1096,1255,1261,1276,1308,1309,1319,1344,1380,1450,1528,1560,1581,1768,1780,1859,1890,1955,1985,1986,2037,2040,2102,2105",0,0,0,
25,66,66,66,normal,1,1,2825.778817,8.6796,70,09:10,153,10:33,"fuel_3000,ev_3000","324,370,507,529,618,732,765,808,854,862,875,1023,1056,1088,1133,1249,1275,1388,1441,1455,1490,1512,1523,1574,1663,1683,1696,1758,1769,1798,1803,1846,2068,2069,2073,2140,2149,2158",0,0,0,
26,67,67,67,normal,1,1,2885.641443,8.92494,652,18:52,736,20:16,"fuel_3000,ev_3000","330,352,356,490,564,741,769,802,826,852,859,861,995,1004,1009,1120,1155,1162,1174,1202,1231,1247,1314,1327,1341,1373,1429,1502,1519,1534,1572,1592,1640,1647,1682,1689,1739,1742,1744,1755,1915,1935,1943,1978,1992,2025,2066,2094,2111,2157",0,0,0,
27,69,69,69,normal,1,1,2288.8859,6.06402,466,15:46,549,17:09,"fuel_3000,ev_3000","306,322,430,685,801,827,836,877,884,944,980,1010,1015,1288,1315,1433,1448,1480,1518,1584,1620,1672,1678,1709,1794,1819,1833,1852,1880,1941,2013,2108",0,0,0,
28,72,72,72,normal,1,1,2725.3232,7.50056,673,19:13,755,20:35,"fuel_3000,ev_3000","317,368,395,466,491,548,580,611,632,848,973,1040,1070,1077,1165,1208,1273,1274,1320,1330,1348,1397,1406,1463,1472,1573,1658,1662,1708,1710,1745,1800,1904,1923,1991,2027",0,0,0,
29,76,76,76,normal,1,1,1256.3017,4.028617,69,09:09,145,10:25,"fuel_3000,fuel_1500,ev_3000","302,655,668,737,739,834,1012,1065,1105,1212,1228,1270,1393,1498,1564,1889,2148",0,0,0,
30,77,77,77,normal,1,1,1968.2668,5.09682,656,18:56,737,20:17,"fuel_3000,ev_3000","323,335,493,560,749,821,868,1198,1338,1368,1492,1760,1818,1820,1857,2090,2104",0,0,0,
31,78,78,78,normal,1,1,1882.391,4.7241,714,19:54,775,20:55,"fuel_3000,ev_3000","487,657,698,793,908,945,1022,1121,1188,1199,1484,1559,1646,1655,1704,1707,1865,2060,2139,2152",0,0,0,
32,79,79,79,normal,1,1,2315.13,7.36652,95,09:35,165,10:45,"fuel_3000,ev_3000","320,523,554,587,602,697,728,853,1000,1303,1329,1395,1396,1775,1790,1829,1858",0,0,0,
33,80,80,80,normal,1,1,506.3405,1.90288,581,17:41,634,18:34,"fuel_3000,fuel_1500,fuel_1250,ev_3000,ev_1250","513,694,751,835,839,1085,1353,1724,2100",0,0,0,
34,81,81,81,normal,1,1,1343.6123,3.64803,544,17:04,608,18:08,"fuel_3000,fuel_1500,ev_3000","434,590,607,653,933,1284,1449,1675,1735,1796,1884,2061",0,0,0,
35,82,82,82,normal,1,1,1493.082,4.67276,221,11:41,302,13:02,"fuel_3000,fuel_1500,ev_3000","457,540,911,1122,1248,1404,1425,1536,1607,1851,1867,1879,2019",0,0,0,
36,83,83,83,normal,1,1,926.8409,2.79316,348,13:48,403,14:43,"fuel_3000,fuel_1500,fuel_1250,ev_3000,ev_1250","305,437,476,547,805,934,1296,1591,1801,1874",0,0,0,
37,84,84,84,normal,1,1,1605.2619,4.36803,494,16:14,549,17:09,"fuel_3000,ev_3000","914,1129,1278,1459,1494,1834,1860,1921,1998,2110",0,0,0,
38,85,85,85,normal,1,1,593.8303,1.42095,111,09:51,182,11:02,"fuel_3000,fuel_1500,fuel_1250,ev_3000,ev_1250","629,757,897,917,1119,1258,2032",0,0,0,
39,86,86,86,normal,1,1,532.895,2.84858,126,10:06,215,11:35,"fuel_3000,fuel_1500,fuel_1250,ev_3000,ev_1250","360,361,409,1058,1225,1891,1912",0,0,0,
40,87,87,87,normal,1,1,180.291,0.46473,198,11:18,282,12:42,"fuel_3000,fuel_1500,fuel_1250,ev_3000,ev_1250","310,347,359,1447,1638,2003",0,0,0,
41,88,88,88,normal,1,1,79.6007,0.53748,124,10:04,199,11:19,"fuel_3000,fuel_1500,fuel_1250,ev_3000,ev_1250","642,1347,1733",0,0,0,
42,89,89,89,normal,1,1,46.248,0.2733,491,16:11,553,17:13,"fuel_3000,fuel_1500,fuel_1250,ev_3000,ev_1250",469,0,0,0,
43,90,90,90,normal,1,1,100.6088,0.22653,350,13:50,429,15:09,"fuel_3000,fuel_1500,fuel_1250,ev_3000,ev_1250","752,833,1127,2047",0,0,0,
44,91,91,91,normal,1,1,70.435,0.39102,520,16:40,599,17:59,"fuel_3000,fuel_1500,fuel_1250,ev_3000,ev_1250","1218,1239,1377,2079",0,0,0,
45,92,92,92,normal,1,1,1524.5125,3.82045,407,14:47,487,16:07,"fuel_3000,ev_3000","387,504,1568,1828",0,0,0,
46,93,93,93,normal,1,1,97.6961,0.33417,292,12:52,374,14:14,"fuel_3000,fuel_1500,fuel_1250,ev_3000,ev_1250","539,1617",0,0,0,
47,94,94,94,normal,1,1,9.186,0.01795,283,12:43,357,13:57,"fuel_3000,fuel_1500,fuel_1250,ev_3000,ev_1250",371,0,0,0,
48,95,95,95,normal,1,1,109.35,0.29746,385,14:25,454,15:34,"fuel_3000,fuel_1500,fuel_1250,ev_3000,ev_1250",1999,0,0,0,
49,97,97,97,normal,1,1,17.48,0.04201,342,13:42,431,15:11,"fuel_3000,fuel_1500,fuel_1250,ev_3000,ev_1250",651,0,0,0,
50,98,98,98,normal,1,1,25.5,0.0646,678,19:18,761,20:41,"fuel_3000,fuel_1500,fuel_1250,ev_3000,ev_1250",958,0,0,0,
51,6,6,6,mandatory_split,1,3,1217.0841,3.29954,226,11:46,299,12:59,"ev_3000,ev_1250","7,13,19,24,25,32,35,38,40,51,110,119,149,156,176,204,206,217,224,259,290",1,1,0,
52,6,6,6,mandatory_split,2,3,2009.0,4.46449,226,11:46,299,12:59,ev_3000,104,1,1,0,
53,6,6,6,mandatory_split,3,3,1247.5591,4.21917,226,11:46,299,12:59,"ev_3000,ev_1250","15,60,118,127,286,295",1,1,0,
54,7,7,7,mandatory_split,1,5,2471.1996,5.93351,281,12:41,368,14:08,ev_3000,"23,47,55,68,79,102,123,132,142,146,172,203,208,214,228,235,240,262,266,287",1,1,0,
55,7,7,7,mandatory_split,2,5,1248.7126,3.10073,281,12:41,368,14:08,"ev_3000,ev_1250","34,37,65,66,76,139,257",1,1,0,
56,7,7,7,mandatory_split,3,5,1248.8567,3.388267,281,12:41,368,14:08,"ev_3000,ev_1250","20,75,87,158,196,215,280,296,299",1,1,0,
57,7,7,7,mandatory_split,4,5,1246.7515,2.85451,281,12:41,368,14:08,"ev_3000,ev_1250","107,150,236",1,1,0,
58,7,7,7,mandatory_split,5,5,1247.7124,3.20012,281,12:41,368,14:08,"ev_3000,ev_1250","30,44,91,113,133,263,283",1,1,0,
59,8,8,8,mandatory_split,1,4,2996.45562,11.88564,169,10:49,227,11:47,ev_3000,"74,141,199",1,1,0,
60,8,8,8,mandatory_split,2,4,2818.644803,8.35412,169,10:49,227,11:47,ev_3000,"5,6,12,21,22,26,31,39,42,50,67,73,78,80,82,85,90,93,94,97,98,106,109,117,121,130,134,135,143,147,164,169,171,173,178,182,185,193,197,198,202,225,226,233,241,242,247,249,250,255,261,268,272,291",1,1,0,
61,8,8,8,mandatory_split,3,4,2996.1652,7.59747,169,10:49,227,11:47,ev_3000,"160,167,252",1,1,0,
62,8,8,8,mandatory_split,4,4,2996.5046,8.18979,169,10:49,227,11:47,ev_3000,"27,48,53,56,138,140,174,175,275",1,1,0,
63,10,10,10,mandatory_split,1,3,906.8064,4.26313,700,19:40,749,20:29,"fuel_3000,fuel_1500,fuel_1250,ev_3000,ev_1250","3,8,10,41,62,69,77,83,95,108,111,114,120,122,124,125,137,151,168,170,205,207,213,220,227,230,232,239,251,285",1,0,1,
64,10,10,10,mandatory_split,2,3,1246.3786,5.46714,700,19:40,749,20:29,"fuel_3000,fuel_1500,fuel_1250,ev_3000,ev_1250","4,14,16,57,179,191,269",1,0,1,
65,10,10,10,mandatory_split,3,3,1606.8,4.82722,700,19:40,749,20:29,"fuel_3000,ev_3000",58,1,0,1,
66,27,27,27,mandatory_split,1,2,1798.9699,4.32991,591,17:51,667,19:07,"fuel_3000,ev_3000",1206,0,0,0,
67,27,27,27,mandatory_split,2,2,1434.6342,3.3098,591,17:51,667,19:07,"fuel_3000,fuel_1500,ev_3000","400,468,902,1043,1078,1158,1190,1809",0,0,0,
68,28,28,28,mandatory_split,1,3,1356.8821,3.10427,687,19:27,755,20:35,"fuel_3000,fuel_1500,ev_3000",773,0,0,0,
69,28,28,28,mandatory_split,2,3,654.0499,1.69407,687,19:27,755,20:35,"fuel_3000,fuel_1500,fuel_1250,ev_3000,ev_1250","558,1946",0,0,0,
70,28,28,28,mandatory_split,3,3,1246.3795,3.16196,687,19:27,755,20:35,"fuel_3000,fuel_1500,fuel_1250,ev_3000,ev_1250","901,1177,1355,2012",0,0,0,
71,31,31,31,mandatory_split,1,3,784.5707,1.64776,529,16:49,586,17:46,"fuel_3000,fuel_1500,fuel_1250,ev_3000,ev_1250","516,578,783,1185,1415,1688,1832",0,0,0,
72,31,31,31,mandatory_split,2,3,2993.52505,6.898755,529,16:49,586,17:46,"fuel_3000,ev_3000",1686,0,0,0,
73,31,31,31,mandatory_split,3,3,2993.52505,6.898755,529,16:49,586,17:46,"fuel_3000,ev_3000",1686,0,0,0,
74,36,36,36,mandatory_split,1,2,2011.9702,6.13895,436,15:16,501,16:21,"fuel_3000,ev_3000",484,0,0,0,
75,36,36,36,mandatory_split,2,2,1297.2845,4.16881,436,15:16,501,16:21,"fuel_3000,fuel_1500,ev_3000","497,562,586,818,874,989,1026,1138,1279,1289,1411,1552,1705,1869,2034,2162",0,0,0,
76,39,39,39,mandatory_split,1,3,1245.3641,2.86177,368,14:08,420,15:00,"fuel_3000,fuel_1500,fuel_1250,ev_3000,ev_1250","354,1632,2132",0,0,0,
77,39,39,39,mandatory_split,2,3,1301.3552,2.94734,368,14:08,420,15:00,"fuel_3000,fuel_1500,ev_3000",2054,0,0,0,
78,39,39,39,mandatory_split,3,3,1478.1723,4.19806,368,14:08,420,15:00,"fuel_3000,fuel_1500,ev_3000","308,342,837,1050,1192,1283,1488,1501,1557,1636,1703,1718,2009,2016",0,0,0,
79,42,42,42,mandatory_split,1,4,2312.031,5.4625,134,10:14,201,11:21,"fuel_3000,ev_3000","337,1583",0,0,0,
80,42,42,42,mandatory_split,2,4,1243.2998,2.40594,134,10:14,201,11:21,"fuel_3000,fuel_1500,fuel_1250,ev_3000,ev_1250","746,1711",0,0,0,
81,42,42,42,mandatory_split,3,4,1314.856,3.252882,134,10:14,201,11:21,"fuel_3000,fuel_1500,ev_3000","312,380,399,742,1045,1539,1841,2070,2078,2084",0,0,0,
82,42,42,42,mandatory_split,4,4,1499.138559,4.21351,134,10:14,201,11:21,"fuel_3000,fuel_1500,ev_3000","351,477,804,883,1020,1304,1667,1690,1814,1971,1988",0,0,0,
83,43,43,43,mandatory_split,1,4,1247.5221,2.62516,533,16:53,617,18:17,"fuel_3000,fuel_1500,fuel_1250,ev_3000,ev_1250","882,1452,1750,2124",0,0,0,
84,43,43,43,mandatory_split,2,4,1301.829,5.07067,533,16:53,617,18:17,"fuel_3000,fuel_1500,ev_3000","321,366,386,416,510,535,536,545,553,628,654,768,781,786,794,800,924,969,974,1033,1256,1356,1458,1493,1516,1551,1602,1618,1628,1938,2095,2114,2155",0,0,0,
85,43,43,43,mandatory_split,3,4,1248.0797,3.09064,533,16:53,617,18:17,"fuel_3000,fuel_1500,fuel_1250,ev_3000,ev_1250","1267,1783,1993",0,0,0,
86,43,43,43,mandatory_split,4,4,1264.1499,2.83041,533,16:53,617,18:17,"fuel_3000,fuel_1500,ev_3000",1786,0,0,0,
87,44,44,44,mandatory_split,1,4,807.4513,2.69244,541,17:01,629,18:29,"fuel_3000,fuel_1500,fuel_1250,ev_3000,ev_1250","303,311,690,743,795,799,822,831,929,999,1117,1183,1191,1201,1294,1385,1434,1437,1479,2064",0,0,0,
88,44,44,44,mandatory_split,2,4,1248.3566,2.90366,541,17:01,629,18:29,"fuel_3000,fuel_1500,fuel_1250,ev_3000,ev_1250","779,919,1359,1513,1782",0,0,0,
89,44,44,44,mandatory_split,3,4,1248.284,2.84909,541,17:01,629,18:29,"fuel_3000,fuel_1500,fuel_1250,ev_3000,ev_1250","383,942",0,0,0,
90,44,44,44,mandatory_split,4,4,1248.217,3.17884,541,17:01,629,18:29,"fuel_3000,fuel_1500,fuel_1250,ev_3000,ev_1250","327,674,1144",0,0,0,
91,45,45,45,mandatory_split,1,4,1499.618,4.08271,457,15:37,516,16:36,"fuel_3000,fuel_1500,ev_3000","318,447,467,485,867,1072,1074,1481,1543,1726,1888,1933,2010",0,0,0,
92,45,45,45,mandatory_split,2,4,1498.5366,3.79258,457,15:37,516,16:36,"fuel_3000,fuel_1500,ev_3000","921,931,1032,1197,1298,1461,1467,1495,2044,2098,2112,2160",0,0,0,
93,45,45,45,mandatory_split,3,4,1306.6394,2.88896,457,15:37,516,16:36,"fuel_3000,fuel_1500,ev_3000","474,856,1046,1106,1172,1374,1515,1863,1895,1928,1968",0,0,0,
94,45,45,45,mandatory_split,4,4,1495.1316,7.64912,457,15:37,516,16:36,"fuel_3000,fuel_1500,ev_3000","343,521,603,886,1210,1316,1444",0,0,0,
95,46,46,46,mandatory_split,1,3,1243.5699,4.47477,192,11:12,251,12:11,"fuel_3000,fuel_1500,fuel_1250,ev_3000,ev_1250","336,635,695,817,1021,1157,1227,1277,1504,1549,2022,2077,2151",0,0,0,
96,46,46,46,mandatory_split,2,3,380.988,1.20598,192,11:12,251,12:11,"fuel_3000,fuel_1500,fuel_1250,ev_3000,ev_1250","355,402,658,770,850,1130,1147,1186,1305,1331,1545,1578,1585,1983,2000,2076,2113,2119,2168",0,0,0,
97,46,46,46,mandatory_split,3,3,1695.2818,5.20587,192,11:12,251,12:11,"fuel_3000,ev_3000",1027,0,0,0,
98,48,48,48,mandatory_split,1,3,2997.2973,7.936744,486,16:06,568,17:28,"fuel_3000,ev_3000","357,498,533,710,1390",0,0,0,
99,48,48,48,mandatory_split,2,3,2999.9331,7.23759,486,16:06,568,17:28,"fuel_3000,ev_3000","1124,1482,1506,1920,2103",0,0,0,
100,48,48,48,mandatory_split,3,3,2601.4972,6.77283,486,16:06,568,17:28,"fuel_3000,ev_3000","315,325,431,470,471,509,600,623,645,689,761,766,898,956,963,998,1107,1142,1153,1215,1250,1291,1423,1554,1566,1621,1684,1712,1749,1761,1764,2109",0,0,0,
101,49,49,49,mandatory_split,1,3,1499.6967,4.33161,306,13:06,362,14:02,"fuel_3000,fuel_1500,ev_3000","375,392,576,579,895,1062,1216,1339,1343,1526,1579,1619,1902",0,0,0,
102,49,49,49,mandatory_split,2,3,1497.0659,5.30088,306,13:06,362,14:02,"fuel_3000,fuel_1500,ev_3000","552,585,606,785,828,866,941,1169,1196,1351,1446,1460,1822,2039,2106,2146",0,0,0,
103,49,49,49,mandatory_split,3,3,1490.0734,3.90646,306,13:06,362,14:02,"fuel_3000,fuel_1500,ev_3000","415,448,454,609,648,954,1037,1272,1558,1597,1631,1727,1777,1802,1864,1960,2147",0,0,0,
104,50,50,50,mandatory_split,1,3,2999.105,6.87562,729,20:09,778,20:58,"fuel_3000,ev_3000","838,955,1372,1693,1731",0,0,0,
105,50,50,50,mandatory_split,2,3,1954.0194,4.660751,729,20:09,778,20:58,"fuel_3000,ev_3000","345,604,665,711,712,733,758,947,965,1149,1300,1322,1511,1588,1594,1612,1639,1893,1899,2052,2081,2142",0,0,0,
106,50,50,50,mandatory_split,3,3,2999.1857,10.03701,729,20:09,778,20:58,"fuel_3000,ev_3000","374,394,401,480,676,684,716,759,787,892,1137,1163,1240,1266,1290,1806,1837,1877,1896,1911,1974,1981,2035,2038,2092,2096,2122,2144",0,0,0,
107,51,51,51,mandatory_split,1,3,1249.2591,2.63726,573,17:33,639,18:39,"fuel_3000,fuel_1500,fuel_1250,ev_3000,ev_1250","446,450,840,1245,2029",0,0,0,
108,51,51,51,mandatory_split,2,3,1006.351212,3.24977,573,17:33,639,18:39,"fuel_3000,fuel_1500,fuel_1250,ev_3000,ev_1250","304,559,605,612,652,667,681,704,717,727,730,747,796,936,961,972,1006,1217,1237,1306,1323,1369,1389,1416,1419,1420,1438,1521,1541,1556,1691,1714,1728,1812,1875,1887,1918,1932,1976,2001,2116,2166",0,0,0,
109,51,51,51,mandatory_split,3,3,1246.334755,3.87228,573,17:33,639,18:39,"fuel_3000,fuel_1500,fuel_1250,ev_3000,ev_1250","419,524,1407,1546,1569,1815,1856",0,0,0,
110,52,52,52,mandatory_split,1,5,1247.9146,2.84981,425,15:05,512,16:32,"fuel_3000,fuel_1500,fuel_1250,ev_3000,ev_1250","426,671,982",0,0,0,
111,52,52,52,mandatory_split,2,5,1445.077986,3.62689,425,15:05,512,16:32,"fuel_3000,fuel_1500,ev_3000","350,459,565,619,621,627,662,700,762,1126,1252,1571,1610,1650,1722,1740,1748,1788,2021,2031,2154",0,0,0,
112,52,52,52,mandatory_split,3,5,1499.7824,5.197427,425,15:05,512,16:32,"fuel_3000,fuel_1500,ev_3000","331,340,428,494,588,626,709,735,909,928,938,970,1001,1024,1079,1221,1222,1262,1445,1677,1723,1776,1808,1844,1900,1996,2125,2131",0,0,0,
113,52,52,52,mandatory_split,4,5,1285.5998,2.69392,425,15:05,512,16:32,"fuel_3000,fuel_1500,ev_3000",1957,0,0,0,
114,52,52,52,mandatory_split,5,5,1255.4001,2.79047,425,15:05,512,16:32,"fuel_3000,fuel_1500,ev_3000",451,0,0,0,
115,53,53,53,mandatory_split,1,3,2991.351,7.35356,599,17:59,652,18:52,"fuel_3000,ev_3000","595,713,842,951,1451,1643,1892,2134",0,0,0,
116,53,53,53,mandatory_split,2,3,2474.0293,7.8809,599,17:59,652,18:52,"fuel_3000,ev_3000","378,389,403,420,463,538,664,677,724,726,937,988,1051,1059,1075,1084,1091,1112,1116,1123,1152,1166,1170,1200,1280,1295,1299,1456,1489,1505,1601,1627,1641,1702,1766,1787,1791,1799,1854,1861,1905,2128,2153",0,0,0,
117,53,53,53,mandatory_split,3,3,1498.4656,3.52428,599,17:59,652,18:52,"fuel_3000,fuel_1500,ev_3000","571,1115,1213,1321",0,0,0,
118,54,54,54,mandatory_split,1,5,1497.509,3.97463,560,17:20,568,17:28,"fuel_3000,fuel_1500,ev_3000","319,414,887,1224,1503,1666,2011,2167",0,0,0,E3
119,54,54,54,mandatory_split,2,5,1441.055393,3.17285,560,17:20,568,17:28,"fuel_3000,fuel_1500,ev_3000","486,625,731,748,846,863,1160,1176,1391,1405,1413,1426,1474,1477,1770,1816,1835,1942,2169",0,0,0,E3
120,54,54,54,mandatory_split,3,5,1499.6911,3.37674,560,17:20,568,17:28,"fuel_3000,fuel_1500,ev_3000","390,692,824,927,1052,1154,1175,1561,1668,1830,1882,2150",0,0,0,E3
121,54,54,54,mandatory_split,4,5,1494.4491,5.78807,560,17:20,568,17:28,"fuel_3000,fuel_1500,ev_3000","462,976,1442,1499,1598,1699,1743,1759,1862,1885",0,0,0,E3
122,54,54,54,mandatory_split,5,5,1499.42,3.36063,560,17:20,568,17:28,"fuel_3000,fuel_1500,ev_3000","379,845,1430,1577,1642,2004",0,0,0,E3
123,55,55,55,mandatory_split,1,5,2999.056,8.033215,595,17:55,672,19:12,"fuel_3000,ev_3000","876,1101,1168,1287,1595",0,0,0,
124,55,55,55,mandatory_split,2,5,1498.5906,3.26315,595,17:55,672,19:12,"fuel_3000,fuel_1500,ev_3000","661,865,1831",0,0,0,
125,55,55,55,mandatory_split,3,5,2999.93,6.45886,595,17:55,672,19:12,"fuel_3000,ev_3000","860,912,978,1269,2045,2136",0,0,0,
126,55,55,55,mandatory_split,4,5,2998.1298,9.638025,595,17:55,672,19:12,"fuel_3000,ev_3000","328,413,455,483,489,511,532,581,624,707,790,791,869,1156,1182,1287,1342,1587,1608,1615,1720,1789,1795,1807,1987,2089",0,0,0,
127,55,55,55,mandatory_split,5,5,1701.9409,4.597829,595,17:55,672,19:12,"fuel_3000,ev_3000","433,444,556,563,594,718,816,820,847,935,964,1044,1134,1207,1360,1671,1706,1847,1870,1945,2002,2123",0,0,0,
128,56,56,56,mandatory_split,1,3,2997.554,6.73779,350,13:50,429,15:09,"fuel_3000,ev_3000","772,792,1179,1575,1956,2085",0,0,0,
129,56,56,56,mandatory_split,2,3,1497.1642,3.16719,350,13:50,429,15:09,"fuel_3000,fuel_1500,ev_3000","641,1530,1959",0,0,0,
130,56,56,56,mandatory_split,3,3,2570.4427,7.82444,350,13:50,429,15:09,"fuel_3000,ev_3000","404,461,526,583,598,643,666,701,740,767,806,809,1019,1035,1049,1055,1097,1098,1100,1146,1167,1205,1211,1263,1324,1432,1485,1486,1527,1565,1606,1692,1700,1853,1883,1906,1953,1990,1994,2041,2071",0,0,0,
131,57,57,57,mandatory_split,1,5,1249.5072,3.40253,398,14:38,479,15:59,"fuel_3000,fuel_1500,fuel_1250,ev_3000,ev_1250","1073,1310,1312,1840,2049",0,0,0,
132,57,57,57,mandatory_split,2,5,1402.9315,4.10264,398,14:38,479,15:59,"fuel_3000,fuel_1500,ev_3000","313,369,527,551,675,721,959,1141,1236,1246,1417,1582,1674,1747,1767,1922,2008,2030",0,0,0,
133,57,57,57,mandatory_split,3,5,1249.116,3.04475,398,14:38,479,15:59,"fuel_3000,fuel_1500,fuel_1250,ev_3000,ev_1250","479,512,813,948",0,0,0,
134,57,57,57,mandatory_split,4,5,1247.5381,3.31334,398,14:38,479,15:59,"fuel_3000,fuel_1500,fuel_1250,ev_3000,ev_1250","456,543,550,688,776,811,864,878,913,940,962,1095,1178,1491,1659,1680,1741,1772,1967,2020,2161",0,0,0,
135,57,57,57,mandatory_split,5,5,1460.5602,3.05127,398,14:38,479,15:59,"fuel_3000,fuel_1500,ev_3000",1471,0,0,0,
136,59,59,59,mandatory_split,1,3,2840.12926,7.28808,195,11:15,279,12:39,"fuel_3000,ev_3000","364,365,384,396,520,542,596,601,622,630,637,696,720,797,885,889,920,971,1038,1090,1118,1151,1161,1335,1376,1418,1475,1500,1510,1533,1540,1590,1593,1604,1613,1624,1670,1821,1886,1907,1909,1936,2051,2056,2101,2130",0,0,0,
137,59,59,59,mandatory_split,2,3,2999.335,8.98248,195,11:15,279,12:39,"fuel_3000,ev_3000","362,777,894,910,1017,1069,1872,1954,2107",0,0,0,
138,59,59,59,mandatory_split,3,3,2991.5613,6.97451,195,11:15,279,12:39,"fuel_3000,ev_3000","745,844,1349,1409,2145",0,0,0,
139,60,60,60,mandatory_split,1,4,1499.6398,3.57051,143,10:23,216,11:36,"fuel_3000,fuel_1500,ev_3000","338,1230,1616",0,0,0,
140,60,60,60,mandatory_split,2,4,2995.8584,6.89074,143,10:23,216,11:36,"fuel_3000,ev_3000","570,734,789,819,1109,1193,1793,1972,2026",0,0,0,
141,60,60,60,mandatory_split,3,4,2411.3061,6.98654,143,10:23,216,11:36,"fuel_3000,ev_3000","353,412,418,442,482,522,577,693,803,829,899,1047,1054,1086,1099,1114,1184,1313,1326,1399,1470,1522,1544,1586,1609,1623,1664,1736,1763,1931,1980,2007,2018,2042,2057,2120,2121",0,0,0,
142,60,60,60,mandatory_split,4,4,2999.8249,8.5698,143,10:23,216,11:36,"fuel_3000,ev_3000","608,1031,1810,1927,1944,2065,2137",0,0,0,
143,61,61,61,mandatory_split,1,4,1248.115,2.90538,257,12:17,343,13:43,"fuel_3000,fuel_1500,fuel_1250,ev_3000,ev_1250","977,1345",0,0,0,
144,61,61,61,mandatory_split,2,4,1249.7546,3.981786,257,12:17,343,13:43,"fuel_3000,fuel_1500,fuel_1250,ev_3000,ev_1250","464,472,656,702,778,1087,1103,1132,1136,1379,1825,1903,1934,2015,2059",0,0,0,
145,61,61,61,mandatory_split,3,4,2047.8,4.96716,257,12:17,343,13:43,"fuel_3000,ev_3000",1529,0,0,0,
146,61,61,61,mandatory_split,4,4,1468.3959,6.95016,257,12:17,343,13:43,"fuel_3000,fuel_1500,ev_3000","439,555,659,660,708,788,810,975,1067,1080,1108,1241,1251,1469,1535,1555,1838,2099,2143",0,0,0,
147,62,62,62,mandatory_split,1,3,2998.0621,10.05773,671,19:11,721,20:01,"fuel_3000,ev_3000","373,610,614,639,719,858,893,1131,1234,1550,1596,1676,1762,1824,1908,1963,2091",0,0,0,
148,62,62,62,mandatory_split,2,3,2807.9943,7.725443,671,19:11,721,20:01,"fuel_3000,ev_3000","344,377,421,435,440,481,496,572,584,592,597,744,764,871,903,915,922,987,1014,1028,1030,1111,1145,1194,1337,1367,1412,1421,1422,1507,1514,1580,1603,1729,1746,1779,1811,1866,1878,1965,1973",0,0,0,
149,62,62,62,mandatory_split,3,3,2998.238,7.3775,671,19:11,721,20:01,"fuel_3000,ev_3000","508,1361,1629,1713,1845",0,0,0,
150,63,63,63,mandatory_split,1,3,2999.7849,7.85085,472,15:52,554,17:14,"fuel_3000,ev_3000","939,1036,1487,1553,1995",0,0,0,
151,63,63,63,mandatory_split,2,3,2696.7101,7.52466,472,15:52,554,17:14,"fuel_3000,ev_3000","301,341,422,429,458,488,500,505,634,644,647,705,706,774,814,851,890,891,932,1041,1092,1093,1180,1181,1243,1318,1354,1364,1645,1734,1751,1868,1873,1926,1947,2063,2067,2118,2156",0,0,0,
152,63,63,63,mandatory_split,3,3,2996.495,8.40234,472,15:52,554,17:14,"fuel_3000,ev_3000","715,966,1209,1478,1738,1781,2086,2165",0,0,0,
153,64,64,64,mandatory_split,1,3,2855.6487,7.21082,369,14:09,425,15:05,"fuel_3000,ev_3000","367,376,411,515,528,566,636,680,687,714,738,756,798,815,880,985,1016,1025,1244,1334,1336,1378,1436,1483,1538,1547,1665,1681,1694,1754,1792,1813,1848,1849,1929,1977,2050,2093",0,0,0,
154,64,64,64,mandatory_split,2,3,2997.0114,7.28491,369,14:09,425,15:05,"fuel_3000,ev_3000","391,1066,1171,1826,1914,2072,2083",0,0,0,
155,64,64,64,mandatory_split,3,3,2997.1071,7.00095,369,14:09,425,15:05,"fuel_3000,ev_3000","691,1951,2043,2164",0,0,0,
156,65,65,65,mandatory_split,1,5,1498.1363,5.01876,477,15:57,563,17:23,"fuel_3000,fuel_1500,ev_3000","358,381,557,631,755,782,1110,1265,1282,1317,1366,1392,1660,1732,1958,2062,2097",0,0,0,
157,65,65,65,mandatory_split,2,5,1249.7897,2.12534,477,15:57,563,17:23,"fuel_3000,fuel_1500,fuel_1250,ev_3000,ev_1250","349,979,1013,2088",0,0,0,
158,65,65,65,mandatory_split,3,5,1266.0502,3.214783,477,15:57,563,17:23,"fuel_3000,fuel_1500,ev_3000",1721,0,0,0,
159,65,65,65,mandatory_split,4,5,1248.9692,3.36271,477,15:57,563,17:23,"fuel_3000,fuel_1500,fuel_1250,ev_3000,ev_1250","1725,1737,1930",0,0,0,
160,65,65,65,mandatory_split,5,5,1289.6413,4.2575,477,15:57,563,17:23,"fuel_3000,fuel_1500,ev_3000","460,531,541,568,569,633,640,649,722,723,807,888,904,916,993,1061,1135,1271,1281,1325,1403,1464,1576,1589,1913,1948,1950,2115,2141",0,0,0,
161,68,68,68,mandatory_split,1,4,1495.6782,3.40098,631,18:31,708,19:48,"fuel_3000,fuel_1500,ev_3000","699,1082,1605",0,0,0,
162,68,68,68,mandatory_split,2,4,2922.536,7.12387,631,18:31,708,19:48,"fuel_3000,ev_3000","326,346,410,417,546,575,650,725,729,754,784,870,918,990,992,1007,1104,1150,1159,1164,1187,1394,1398,1402,1424,1599,1648,1773,1784,1839,1916,1924,1937,1940,2005,2048,2133",0,0,0,
163,68,68,68,mandatory_split,3,4,1498.165,3.19567,631,18:31,708,19:48,"fuel_3000,fuel_1500,ev_3000","646,832,1352,1532,1634",0,0,0,
164,68,68,68,mandatory_split,4,4,1498.6082,3.71238,631,18:31,708,19:48,"fuel_3000,fuel_1500,ev_3000","372,703,1381,1827,2117",0,0,0,
165,70,70,70,mandatory_split,1,2,2693.9674,8.73545,216,11:36,275,12:35,"fuel_3000,ev_3000","329,332,333,425,432,465,478,517,669,678,682,753,950,981,986,996,1083,1102,1203,1220,1302,1328,1370,1410,1435,1508,1520,1673,1695,1698,1756,1817,1901,1910,1925,1952",0,0,0,
166,70,70,70,mandatory_split,2,2,2980.6836,7.63028,216,11:36,275,12:35,"fuel_3000,ev_3000","424,502,943,1465,1468,1570",0,0,0,
167,71,96,71,mandatory_split,1,3,1247.3338,4.84749,679,19:19,765,20:45,"fuel_3000,fuel_1500,fuel_1250,ev_3000,ev_1250","1018,1071,1285,1332,1431,1855,1939,2014",0,0,0,E4
168,71,96,71,mandatory_split,2,3,449.235,1.61952,679,19:19,765,20:45,"fuel_3000,fuel_1500,fuel_1250,ev_3000,ev_1250","309,406,573,599,616,673,1113,1257,1457,1563,1975,1979",0,0,0,E4
169,71,96,71,mandatory_split,3,3,1370.5,3.57659,679,19:19,765,20:45,"fuel_3000,fuel_1500,ev_3000",825,0,0,0,E4
170,73,73,73,mandatory_split,1,3,507.236495,1.74231,322,13:22,377,14:17,"fuel_3000,fuel_1500,fuel_1250,ev_3000,ev_1250","348,534,537,841,1053,1057,1068,1125,1214,1219,1235,1375,1408,1428,1525,1611,1644,1898,1919,2129",0,0,0,
171,73,73,73,mandatory_split,2,3,1248.095,2.62153,322,13:22,377,14:17,"fuel_3000,fuel_1500,fuel_1250,ev_3000,ev_1250","388,423,519,823,1567,1843",0,0,0,
172,73,73,73,mandatory_split,3,3,1247.8439,3.18236,322,13:22,377,14:17,"fuel_3000,fuel_1500,fuel_1250,ev_3000,ev_1250","307,525,1600",0,0,0,
173,74,74,74,mandatory_split,1,3,1434.12,3.67297,311,13:11,370,14:10,"fuel_3000,fuel_1500,ev_3000","438,615,670,1003,1060,1383,1386,1476,1842,1982,2053",0,0,0,
174,74,74,74,mandatory_split,2,3,1490.4,3.43674,311,13:11,370,14:10,"fuel_3000,fuel_1500,ev_3000",561,0,0,0,
175,74,74,74,mandatory_split,3,3,1493.528634,3.82901,311,13:11,370,14:10,"fuel_3000,fuel_1500,ev_3000","408,926,1128,1148,1226,1340,1371,1881,1989,1997,2036,2058",0,0,0,
176,75,75,75,mandatory_split,1,2,2002.2001,4.48628,385,14:25,465,15:45,"fuel_3000,ev_3000",750,0,0,0,
177,75,75,75,mandatory_split,2,2,1015.2405,3.37124,385,14:25,465,15:45,"fuel_3000,fuel_1500,fuel_1250,ev_3000,ev_1250","613,900,957,1002,1034,1042,1064,1173,1223,1259,1350,1440,1626,1651,1753,1765,1771,1949,1970,2087",0,0,0,
178,23,23,23,normal,1,1,900.0,3.0,250,12:10,315,13:15,"fuel_3000,fuel_1500,fuel_1250,ev_3000,ev_1250",-100178,0,0,0,E1
